<?xml version="1.0" encoding="utf-8"?>
<!--~
  ~ @package   com_ra_mailman
  ~ @copyright Copyright (c)2006-2023 Charlie Bigley / Ramblers
  ~ @license   GNU General Public License version 3, or later
08/08/25 CB created
  -->

<extension type="plugin" group="console" method="upgrade">
	<name>plg_system_ra_mailman</name>
	<description>Ramblers plugin to send outstanding emails</description>
	<version>1.0.4</version>
	<creationDate>3 Sep 2025</creationDate>
	<author>Charlie Bigley</author>
    <authorEmail>webmaster@bigley.me.uk</authorEmail>
    <authorUrl>staffordshireramblers.org.uk</authorUrl>
	<copyright>Copyleft 2025 Charlie Bigley</copyright>
	<license>GNU General Public License version 3, or later</license>	
	<namespace path="src">Ramblers\Plugin\System\Ra_mailman</namespace>
	<files>
		<filename plugin="ra_mailman">ra_mailman.php</filename>
		<folder>services</folder>
		<folder>src</folder>
	</files>
</extension>
